{"stats":{"minecraft:picked_up":{"minecraft:crafting_table":3,"minecraft:leather_chestplate":1,"minecraft:golden_carrot":4,"minecraft:leather":31,"minecraft:gunpowder":38,"minecraft:dirt":5,"minecraft:string":4,"minecraft:raw_copper":20,"minecraft:iron_leggings":2,"minecraft:bone":26,"minecraft:wheat_seeds":4,"minecraft:raw_gold":6,"minecraft:iron_ingot":2,"minecraft:cobweb":20,"minecraft:moss_block":21,"twigs:twig":6,"minecraft:sugar_cane":2,"minecraft:iron_boots":2,"minecraft:diamond_ore":1,"minecraft:raw_iron":9,"minecraft:sweet_berries":13,"minecraft:copper_ingot":3,"minecraft:spruce_sapling":12,"minecraft:pointed_dripstone":24,"minecraft:redstone":19,"minecraft:spruce_log":8,"magistuarmory:rustedchainmail_leggings":1,"minecraft:spectral_arrow":10,"minecraft:spider_eye":1,"minecraft:pumpkin_seeds":4,"minecraft:rotten_flesh":4,"minecraft:crossbow":3,"minecraft:bone_meal":47,"minecraft:gold_ingot":1,"minecraft:rooted_dirt":2,"minecraft:damaged_anvil":6,"minecraft:white_wool":2,"minecraft:mutton":2,"minecraft:coal":5,"minecraft:bone_block":4},"minecraft:custom":{"minecraft:mob_kills":5,"minecraft:interact_with_crafting_table":1,"minecraft:open_barrel":1,"minecraft:leave_game":3,"minecraft:time_since_death":126,"minecraft:climb_one_cm":2805,"minecraft:time_since_rest":153,"minecraft:sprint_one_cm":102661,"minecraft:damage_taken":6218,"minecraft:walk_one_cm":120640,"minecraft:drop":30,"minecraft:damage_dealt":855,"minecraft:fly_one_cm":259511,"minecraft:open_chest":3,"minecraft:crouch_one_cm":4232,"minecraft:play_time":47001,"minecraft:deaths":23,"minecraft:sneak_time":2737,"minecraft:walk_under_water_one_cm":407,"minecraft:jump":804,"minecraft:walk_on_water_one_cm":306,"minecraft:total_world_time":47001,"minecraft:fall_one_cm":16009},"minecraft:killed":{"hordes:zombie_player":3,"alexsmobs:bison":2,"alexsmobs:tusklin":1},"minecraft:crafted":{"minecraft:wooden_sword":1,"minecraft:wooden_shovel":1,"minecraft:crafting_table":1,"minecraft:spruce_planks":28,"minecraft:wooden_pickaxe":1,"minecraft:stick":8,"minecraft:wooden_axe":1},"minecraft:dropped":{"minecraft:crossbow":1,"minecraft:pointed_dripstone":24,"minecraft:spectral_arrow":20,"minecraft:iron_boots":1,"minecraft:dirt":3,"minecraft:leather_boots":2,"minecraft:leather_leggings":2,"magistuarmory:rustedchainmail_leggings":1},"minecraft:mined":{"graveyard:tg_coarse_dirt":1,"minecraft:crafting_table":2,"graveyard:tg_rooted_dirt":1,"minecraft:grass_block":2,"graveyard:tg_grass_block":1,"minecraft:spruce_leaves":22,"minecraft:large_fern":3,"graveyard:wither_skull_with_rib_cage":1,"graveyard:vase_block":5,"minecraft:spruce_sapling":1,"graveyard:tg_moss_block":23,"minecraft:sweet_berry_bush":3,"minecraft:ice":1,"minecraft:spruce_log":11,"minecraft:grass":4,"minecraft:dirt":3,"minecraft:fern":2},"minecraft:killed_by":{"minecraft:stray":3,"graveyard:ghoul":1,"minecraft:spider":1,"minecraft:zombie":2,"minecraft:enderman":1,"hordes:zombie_player":2,"alexsmobs:bison":1,"alexsmobs:tusklin":11},"minecraft:used":{"alexsmobs:spawn_egg_skunk":1,"minecraft:dirt":1,"minecraft:crafting_table":1,"minecraft:wooden_axe":1,"alexsmobs:spawn_egg_tusklin":1,"minecraft:iron_boots":1,"minecraft:spruce_sapling":2,"minecraft:bow":41,"minecraft:sweet_berries":1,"minecraft:iron_leggings":1}},"DataVersion":3120}