{"stats":{"minecraft:killed_by":{"minecraft:stray":3,"hordes:zombie_player":1},"minecraft:custom":{"minecraft:time_since_rest":1121,"minecraft:crouch_one_cm":589,"minecraft:play_time":4825,"minecraft:sprint_one_cm":14360,"minecraft:walk_one_cm":13309,"minecraft:damage_taken":1046,"minecraft:deaths":4,"minecraft:sneak_time":519,"minecraft:walk_under_water_one_cm":260,"minecraft:mob_kills":2,"minecraft:jump":122,"minecraft:damage_dealt":305,"minecraft:time_since_death":1092,"minecraft:walk_on_water_one_cm":141,"minecraft:total_world_time":4825,"minecraft:fall_one_cm":2299,"minecraft:fly_one_cm":31677},"minecraft:killed":{"hordes:zombie_player":2},"minecraft:picked_up":{"minecraft:rotten_flesh":2,"minecraft:sugar_cane":2,"minecraft:spider_eye":1,"minecraft:dirt":2},"minecraft:mined":{"minecraft:grass":1,"minecraft:grass_block":2,"minecraft:dirt":1,"minecraft:ice":1}},"DataVersion":3120}