{"stats":{"minecraft:custom":{"minecraft:time_since_rest":37459,"minecraft:open_chest":2,"minecraft:play_time":41651,"minecraft:crouch_one_cm":1678,"minecraft:sprint_one_cm":16619,"minecraft:damage_taken":150,"minecraft:walk_one_cm":47434,"minecraft:sneak_time":827,"minecraft:walk_under_water_one_cm":200,"minecraft:mob_kills":2,"minecraft:drop":7,"minecraft:jump":257,"minecraft:interact_with_brewingstand":1,"minecraft:damage_dealt":2087,"minecraft:leave_game":2,"minecraft:time_since_death":41651,"minecraft:walk_on_water_one_cm":176,"minecraft:sleep_in_bed":6,"minecraft:climb_one_cm":4459,"minecraft:total_world_time":41651,"minecraft:interact_with_cartography_table":1,"minecraft:swim_one_cm":77,"minecraft:talked_to_villager":6,"minecraft:fall_one_cm":3137,"minecraft:fly_one_cm":64670,"minecraft:open_barrel":1},"minecraft:used":{"minecraft:wooden_axe":4,"minecraft:diamond_sword":22,"minecraft:apple":1,"minecraft:oak_planks":7,"minecraft:ladder":1,"tacz:gun_smith_table":1},"minecraft:picked_up":{"minecraft:ladder":3,"minecraft:apple":5,"tacz:modern_kinetic_gun":1,"minecraft:torch":1,"minecraft:diamond_sword":1,"minecraft:oak_planks":1,"minecraft:dirt":2},"minecraft:killed":{"midnightlurker:midnight_lurker_runtrue":2},"minecraft:mined":{"minecraft:ladder":3,"minecraft:grass":2,"minecraft:grass_block":1,"minecraft:oak_planks":1,"minecraft:torch":1},"minecraft:dropped":{"minecraft:diamond_sword":1,"minecraft:dirt":1,"minecraft:apple":5}},"DataVersion":3120}