{"stats":{"minecraft:picked_up":{"minecraft:crafting_table":2,"minecraft:sweet_berries":7,"minecraft:gunpowder":1,"minecraft:spruce_sapling":8,"magistuarmory:rustedchainmail_leggings":1,"minecraft:pointed_dripstone":24,"minecraft:spruce_log":8,"minecraft:spider_eye":1,"minecraft:dirt":5,"minecraft:iron_leggings":1,"minecraft:bone":4,"minecraft:rotten_flesh":2,"minecraft:wheat_seeds":1,"minecraft:crossbow":1,"twigs:twig":3,"minecraft:moss_block":8,"minecraft:sugar_cane":2,"minecraft:mutton":2,"minecraft:white_wool":2,"minecraft:iron_boots":1},"minecraft:custom":{"minecraft:time_since_rest":886,"minecraft:sprint_one_cm":96108,"minecraft:damage_taken":4853,"minecraft:walk_one_cm":96900,"minecraft:mob_kills":3,"minecraft:drop":9,"minecraft:damage_dealt":816,"minecraft:interact_with_crafting_table":1,"minecraft:fly_one_cm":240170,"minecraft:open_barrel":1,"minecraft:open_chest":3,"minecraft:crouch_one_cm":2608,"minecraft:play_time":35001,"minecraft:deaths":18,"minecraft:sneak_time":1608,"minecraft:walk_under_water_one_cm":407,"minecraft:jump":760,"minecraft:leave_game":3,"minecraft:time_since_death":849,"minecraft:walk_on_water_one_cm":306,"minecraft:total_world_time":35001,"minecraft:climb_one_cm":2805,"minecraft:fall_one_cm":15467},"minecraft:killed":{"hordes:zombie_player":3},"minecraft:crafted":{"minecraft:wooden_sword":1,"minecraft:wooden_shovel":1,"minecraft:crafting_table":1,"minecraft:spruce_planks":28,"minecraft:stick":8,"minecraft:wooden_pickaxe":1,"minecraft:wooden_axe":1},"minecraft:dropped":{"minecraft:dirt":3,"minecraft:leather_boots":2,"minecraft:pointed_dripstone":24,"minecraft:leather_leggings":2,"minecraft:iron_boots":1,"magistuarmory:rustedchainmail_leggings":1},"minecraft:mined":{"minecraft:large_fern":3,"graveyard:wither_skull_with_rib_cage":1,"graveyard:tg_coarse_dirt":1,"graveyard:vase_block":5,"minecraft:spruce_sapling":1,"graveyard:tg_moss_block":23,"minecraft:sweet_berry_bush":3,"minecraft:ice":1,"minecraft:spruce_log":11,"minecraft:crafting_table":2,"graveyard:tg_rooted_dirt":1,"minecraft:grass":3,"minecraft:grass_block":2,"minecraft:dirt":3,"graveyard:tg_grass_block":1,"minecraft:spruce_leaves":22,"minecraft:fern":2},"minecraft:killed_by":{"hordes:zombie_player":2,"alexsmobs:tusklin":7,"minecraft:stray":3,"graveyard:ghoul":1,"minecraft:spider":1,"minecraft:zombie":2,"minecraft:enderman":1},"minecraft:used":{"minecraft:wooden_axe":1,"minecraft:spruce_sapling":2,"minecraft:iron_boots":1,"minecraft:dirt":1,"minecraft:sweet_berries":1,"minecraft:crafting_table":1,"minecraft:iron_leggings":1}},"DataVersion":3120}