{"stats":{"minecraft:used":{"minecraft:wooden_axe":1,"minecraft:dirt":1,"minecraft:crafting_table":1},"minecraft:killed_by":{"minecraft:stray":3,"hordes:zombie_player":1},"minecraft:custom":{"minecraft:time_since_rest":66,"minecraft:crouch_one_cm":1327,"minecraft:play_time":10078,"minecraft:sprint_one_cm":30895,"minecraft:walk_one_cm":26837,"minecraft:damage_taken":1256,"minecraft:deaths":5,"minecraft:sneak_time":988,"minecraft:walk_under_water_one_cm":407,"minecraft:mob_kills":2,"minecraft:jump":285,"minecraft:leave_game":1,"minecraft:damage_dealt":325,"minecraft:time_since_death":39,"minecraft:walk_on_water_one_cm":306,"minecraft:total_world_time":10078,"minecraft:interact_with_crafting_table":1,"minecraft:fall_one_cm":5517,"minecraft:fly_one_cm":80015},"minecraft:killed":{"hordes:zombie_player":2},"minecraft:crafted":{"minecraft:wooden_sword":1,"minecraft:wooden_shovel":1,"minecraft:crafting_table":1,"minecraft:spruce_planks":28,"minecraft:stick":8,"minecraft:wooden_pickaxe":1,"minecraft:wooden_axe":1},"minecraft:mined":{"minecraft:grass":1,"minecraft:grass_block":2,"minecraft:dirt":1,"minecraft:ice":1,"minecraft:spruce_leaves":4,"minecraft:spruce_log":10,"minecraft:crafting_table":1},"minecraft:picked_up":{"minecraft:crafting_table":1,"minecraft:rotten_flesh":2,"minecraft:spruce_sapling":2,"minecraft:spruce_log":7,"minecraft:sugar_cane":2,"minecraft:spider_eye":1,"minecraft:dirt":2}},"DataVersion":3120}