{"stats":{"minecraft:picked_up":{"minecraft:birch_log":6,"minecraft:wheat":46,"minecraft:crafting_table":4,"minecraft:leather_chestplate":1,"minecraft:golden_carrot":4,"twigs:roseate_seashell":1,"minecraft:leather":31,"minecraft:gunpowder":38,"minecraft:dirt":16,"minecraft:string":4,"minecraft:raw_copper":20,"minecraft:iron_leggings":2,"minecraft:bone":26,"minecraft:wheat_seeds":142,"minecraft:raw_gold":6,"minecraft:iron_ingot":2,"minecraft:cobweb":20,"minecraft:melon_slice":27,"minecraft:bamboo":8,"minecraft:moss_block":21,"twigs:twig":6,"minecraft:sugar_cane":2,"minecraft:iron_boots":2,"minecraft:diamond_ore":1,"minecraft:raw_iron":9,"minecraft:sweet_berries":13,"minecraft:copper_ingot":3,"twigs:bamboo_leaves":3,"minecraft:sand":3,"minecraft:spruce_sapling":12,"minecraft:pointed_dripstone":24,"minecraft:redstone":19,"minecraft:spruce_log":8,"magistuarmory:rustedchainmail_leggings":1,"minecraft:spectral_arrow":10,"minecraft:spider_eye":1,"minecraft:pumpkin_seeds":4,"minecraft:rotten_flesh":5,"minecraft:crossbow":3,"minecraft:bone_meal":47,"minecraft:golden_apple":1,"minecraft:gold_ingot":1,"minecraft:rooted_dirt":2,"minecraft:damaged_anvil":6,"minecraft:white_wool":2,"minecraft:mutton":2,"minecraft:coal":10,"minecraft:bone_block":4,"minecraft:cobblestone":15},"minecraft:custom":{"minecraft:mob_kills":5,"minecraft:interact_with_crafting_table":4,"minecraft:open_barrel":1,"minecraft:leave_game":4,"minecraft:time_since_death":5430,"minecraft:climb_one_cm":2805,"minecraft:time_since_rest":5457,"minecraft:sprint_one_cm":107028,"minecraft:damage_taken":6397,"minecraft:walk_one_cm":136725,"minecraft:drop":30,"minecraft:damage_dealt":877,"minecraft:swim_one_cm":568,"minecraft:fly_one_cm":268817,"minecraft:open_chest":5,"minecraft:crouch_one_cm":5407,"minecraft:play_time":52305,"minecraft:deaths":23,"minecraft:sneak_time":3272,"minecraft:walk_under_water_one_cm":526,"minecraft:jump":866,"minecraft:walk_on_water_one_cm":651,"minecraft:total_world_time":52305,"minecraft:fall_one_cm":16761},"minecraft:killed":{"hordes:zombie_player":3,"alexsmobs:bison":2,"alexsmobs:tusklin":1},"minecraft:crafted":{"minecraft:wooden_sword":1,"minecraft:wooden_shovel":1,"minecraft:stone_shovel":1,"minecraft:crafting_table":2,"minecraft:spruce_planks":28,"minecraft:wooden_pickaxe":2,"minecraft:birch_planks":24,"minecraft:stone_axe":1,"minecraft:stick":20,"minecraft:stone_pickaxe":1,"minecraft:wooden_axe":1},"minecraft:dropped":{"minecraft:crossbow":1,"minecraft:pointed_dripstone":24,"minecraft:spectral_arrow":20,"minecraft:iron_boots":1,"minecraft:dirt":3,"minecraft:leather_boots":2,"minecraft:leather_leggings":2,"magistuarmory:rustedchainmail_leggings":1},"minecraft:mined":{"graveyard:tg_coarse_dirt":1,"minecraft:crafting_table":2,"graveyard:tg_rooted_dirt":1,"minecraft:grass_block":5,"minecraft:melon":5,"twigs:roseate_seashell":1,"graveyard:tg_grass_block":1,"minecraft:spruce_leaves":22,"minecraft:large_fern":3,"graveyard:wither_skull_with_rib_cage":1,"graveyard:vase_block":5,"minecraft:spruce_sapling":1,"graveyard:tg_moss_block":23,"minecraft:birch_log":6,"minecraft:wheat":67,"minecraft:sweet_berry_bush":3,"minecraft:ice":1,"minecraft:spruce_log":11,"minecraft:birch_leaves":1,"minecraft:grass":7,"minecraft:sand":3,"minecraft:dirt":11,"minecraft:bamboo":2,"minecraft:stone":15,"minecraft:oak_leaves":1,"minecraft:fern":4},"minecraft:killed_by":{"minecraft:stray":3,"graveyard:ghoul":1,"minecraft:spider":1,"minecraft:zombie":2,"minecraft:enderman":1,"hordes:zombie_player":2,"alexsmobs:bison":1,"alexsmobs:tusklin":11},"minecraft:used":{"alexsmobs:spawn_egg_skunk":1,"minecraft:wooden_pickaxe":16,"twigs:roseate_seashell":1,"minecraft:dirt":1,"minecraft:crafting_table":2,"minecraft:wooden_axe":1,"minecraft:bread":1,"alexsmobs:spawn_egg_tusklin":1,"minecraft:iron_boots":1,"minecraft:spruce_sapling":2,"minecraft:bow":41,"minecraft:sweet_berries":1,"minecraft:iron_leggings":1}},"DataVersion":3120}