{"stats":{"minecraft:dropped":{"minecraft:dirt":1,"minecraft:apple":5},"minecraft:custom":{"minecraft:open_chest":2,"minecraft:time_since_rest":9835,"minecraft:play_time":14027,"minecraft:crouch_one_cm":768,"minecraft:sprint_one_cm":9548,"minecraft:damage_taken":150,"minecraft:walk_one_cm":22668,"minecraft:sneak_time":499,"minecraft:walk_under_water_one_cm":200,"minecraft:drop":6,"minecraft:jump":141,"minecraft:interact_with_brewingstand":1,"minecraft:damage_dealt":108,"minecraft:leave_game":1,"minecraft:time_since_death":14027,"minecraft:walk_on_water_one_cm":89,"minecraft:sleep_in_bed":6,"minecraft:total_world_time":14027,"minecraft:climb_one_cm":3378,"minecraft:swim_one_cm":77,"minecraft:interact_with_cartography_table":1,"minecraft:talked_to_villager":5,"minecraft:fall_one_cm":3137,"minecraft:fly_one_cm":23837},"minecraft:picked_up":{"minecraft:ladder":3,"minecraft:apple":5,"minecraft:torch":1,"minecraft:oak_planks":1,"minecraft:dirt":2},"minecraft:mined":{"minecraft:ladder":3,"minecraft:grass":2,"minecraft:grass_block":1,"minecraft:oak_planks":1,"minecraft:torch":1},"minecraft:used":{"minecraft:wooden_axe":4,"minecraft:apple":1,"minecraft:oak_planks":7,"minecraft:ladder":1}},"DataVersion":3120}