{"stats":{"minecraft:picked_up":{"minecraft:crafting_table":1,"minecraft:feather":4,"minecraft:leather_leggings":2,"minecraft:wooden_pickaxe":1,"graveyard:spruce_coffin":2,"minecraft:dirt":24,"minecraft:red_bed":1,"minecraft:leather_boots":2,"minecraft:bone":4,"minecraft:wheat_seeds":5,"minecraft:spruce_planks":1,"minecraft:cobweb":6,"minecraft:poppy":1,"minecraft:spruce_slab":1,"minecraft:moss_block":5,"minecraft:iron_boots":1,"minecraft:tipped_arrow":1,"minecraft:sweet_berries":3,"twigs:bronzed_seashell":1,"betteranimalsplus:pheasantraw":6,"minecraft:porkchop":1,"minecraft:stripped_spruce_log":1,"minecraft:spruce_log":15,"magistuarmory:rustedchainmail_leggings":1,"minecraft:redstone":9,"minecraft:barrel":1,"alexsmobs:animal_dictionary":2,"minecraft:yellow_carpet":4,"minecraft:rooted_dirt":2},"minecraft:custom":{"minecraft:interact_with_furnace":1,"minecraft:mob_kills":3,"minecraft:interact_with_crafting_table":2,"minecraft:open_barrel":1,"minecraft:leave_game":3,"minecraft:time_since_death":908,"minecraft:climb_one_cm":4048,"minecraft:time_since_rest":933,"minecraft:sprint_one_cm":103295,"minecraft:damage_taken":7397,"minecraft:walk_one_cm":134864,"minecraft:drop":9,"minecraft:damage_dealt":1555,"minecraft:swim_one_cm":500,"minecraft:fly_one_cm":53288,"minecraft:crouch_one_cm":941,"minecraft:play_time":35588,"minecraft:deaths":26,"minecraft:sneak_time":125,"minecraft:walk_under_water_one_cm":1315,"minecraft:jump":623,"minecraft:walk_on_water_one_cm":2893,"minecraft:total_world_time":35588,"minecraft:fall_one_cm":12920},"minecraft:killed":{"hordes:zombie_player":3},"minecraft:crafted":{"minecraft:wooden_sword":1,"minecraft:crafting_table":2,"minecraft:spruce_planks":20,"minecraft:wooden_pickaxe":1,"minecraft:stick":4},"minecraft:dropped":{"minecraft:crafting_table":1,"minecraft:dirt":4,"graveyard:spruce_coffin":1,"minecraft:leather_boots":1,"minecraft:wooden_pickaxe":1,"minecraft:redstone":1},"minecraft:mined":{"minecraft:spruce_planks":1,"minecraft:red_bed":1,"graveyard:spruce_coffin":1,"graveyard:tg_rooted_dirt":1,"minecraft:grass_block":9,"minecraft:poppy":2,"minecraft:yellow_carpet":4,"minecraft:tall_grass":4,"minecraft:spruce_leaves":20,"graveyard:lying_skeleton":1,"minecraft:large_fern":10,"graveyard:wither_skull_with_rib_cage":1,"graveyard:skull_with_rib_cage":1,"graveyard:tg_moss_block":1,"minecraft:barrel":1,"minecraft:sweet_berry_bush":2,"minecraft:ice":3,"minecraft:spruce_log":10,"minecraft:stripped_spruce_log":1,"twigs:bronzed_seashell":1,"dynamictrees:spruce_leaves":2,"minecraft:grass":22,"minecraft:dirt":7,"minecraft:cake":1,"minecraft:spruce_slab":1,"minecraft:fern":2},"minecraft:killed_by":{"minecraft:sheep":1,"betteranimalsplus:boar":1,"minecraft:stray":4,"graveyard:ghoul":1,"minecraft:zombie":5,"minecraft:enderman":1,"hordes:zombie_player":8,"alexsmobs:tusklin":4},"minecraft:used":{"minecraft:spruce_planks":1,"minecraft:wooden_pickaxe":15,"minecraft:dirt":2,"minecraft:crafting_table":1,"minecraft:barrel":1,"twigs:bronzed_seashell":2,"minecraft:sweet_berries":6}},"DataVersion":3120}