{"stats":{"minecraft:dropped":{"minecraft:dirt":1,"minecraft:wooden_pickaxe":1,"minecraft:crafting_table":1},"minecraft:used":{"minecraft:dirt":2,"minecraft:wooden_pickaxe":15},"minecraft:killed_by":{"minecraft:stray":4,"hordes:zombie_player":1},"minecraft:custom":{"minecraft:time_since_rest":298,"minecraft:crouch_one_cm":871,"minecraft:play_time":10757,"minecraft:sprint_one_cm":39382,"minecraft:walk_one_cm":37579,"minecraft:damage_taken":1689,"minecraft:deaths":6,"minecraft:sneak_time":104,"minecraft:walk_under_water_one_cm":746,"minecraft:drop":3,"minecraft:jump":171,"minecraft:leave_game":1,"minecraft:damage_dealt":365,"minecraft:walk_on_water_one_cm":1975,"minecraft:time_since_death":245,"minecraft:total_world_time":10757,"minecraft:interact_with_crafting_table":1,"minecraft:swim_one_cm":500,"minecraft:fall_one_cm":2003,"minecraft:fly_one_cm":24013},"minecraft:crafted":{"minecraft:wooden_sword":1,"minecraft:crafting_table":1,"minecraft:spruce_planks":16,"minecraft:stick":4,"minecraft:wooden_pickaxe":1},"minecraft:picked_up":{"minecraft:crafting_table":1,"minecraft:tipped_arrow":1,"minecraft:wheat_seeds":1,"minecraft:wooden_pickaxe":1,"minecraft:poppy":1,"minecraft:spruce_log":9,"minecraft:dirt":8},"minecraft:mined":{"minecraft:poppy":2,"minecraft:grass":10,"minecraft:grass_block":1,"minecraft:dirt":2,"minecraft:ice":3,"minecraft:spruce_log":6,"minecraft:spruce_leaves":5,"dynamictrees:spruce_leaves":1}},"DataVersion":3120}