{"stats":{"minecraft:used":{"minecraft:dirt":1},"minecraft:killed_by":{"minecraft:stray":4,"hordes:zombie_player":1},"minecraft:custom":{"minecraft:time_since_rest":1172,"minecraft:crouch_one_cm":631,"minecraft:play_time":5415,"minecraft:sprint_one_cm":19486,"minecraft:walk_one_cm":21364,"minecraft:damage_taken":1259,"minecraft:deaths":5,"minecraft:sneak_time":81,"minecraft:walk_under_water_one_cm":236,"minecraft:jump":77,"minecraft:damage_dealt":345,"minecraft:walk_on_water_one_cm":229,"minecraft:time_since_death":1115,"minecraft:total_world_time":5415,"minecraft:fall_one_cm":1521,"minecraft:fly_one_cm":9930},"minecraft:mined":{"minecraft:grass":2,"minecraft:grass_block":1,"minecraft:dirt":2,"minecraft:ice":3,"minecraft:spruce_leaves":4,"dynamictrees:spruce_leaves":1},"minecraft:picked_up":{"minecraft:tipped_arrow":1,"minecraft:dirt":7}},"DataVersion":3120}